[
    {
        "titre": "Mousse crémeuse chocolat aubergine",
        "url": "https://www.cuisine-libre.org/mousse-cremeuse-chocolat-aubergine",
        "url_image": "https://www.cuisine-libre.org/local/cache-gd2/cd/f60d1514070b21293b36e4f33c093f.jpg?1644797849",
        "recette": {
            "Titre": "Mousse crémeuse chocolat aubergine par Zamoy",
            "Nombre_de_personnes": "3",
            "Duree_preparation": "6min",
            "Duree_cuisson": "8min",
            "Ingrediens": [
                "1 aubergine moyenne",
                "80 g de chocolat à cuisiner 70%",
                "6 à 8 càs de lait végétal"
            ],
            "Etapes": [
                "Couper l’aubergine en petits dés et la cuire à la vapeur (ou au micro-ondes à puissance maximale, 8 minutes, dans un fond d’eau, en remuant à mi-cuisson).",
                "Mixer l’aubergine chaude avec le lait tièdi. Incorporer le chocolat dans ce mélange encore chaud, où il va fondre naturellement.",
                "Bien mélanger le tout et verser la mousse dans des verrines ou un plat de service. Déguster tiède ou frais."
            ]
        }
    },
    {
        "titre": "Tarte deVic",
        "url": "https://www.cuisine-libre.org/tarte-de-vic",
        "url_image": "https://www.cuisine-libre.org/local/cache-gd2/bc/6c710b8df185455b23676bd353f96a.jpg?1644794443",
        "recette": {
            "Titre": "Tarte de Vic par Yves Huot-Marchand",
            "Nombre_de_personnes": "6 personnes",
            "Duree_preparation": "20min",
            "Duree_cuisson": "25min",
            "Ingrediens": [
                "30 g de beurre",
                "farine",
                "1 bol de lait caillé",
                "1 sachet de sucre vanillé"
            ],
            "Etapes": [
                "Abaisser la pâte brisée sur le plan de travail fariné. Beurrer et fariner un moule à tarte. Le garnir de pâte et piquer le fond, puis le tapisser de papier d’aluminium et le recouvrir de haricots secs. Faire cuire cette croûte à blanc pendant 12 à 15 minutes. La sortir du four, retirer les haricots et le papier d’aluminium et laisser refroidir.",
                "Pendant la cuisson, verser le lait caillé dans une terrine, ajouter la crème fraîche et fouetter. Incorporer ensuite le sucre, puis les jaunes d’œufs, un par un, en mélangeant bien. Travailler cette pâte jusqu’à ce qu’elle soit bien jaune et mousseuse.",
                "Verser la pâte sur le fond de tarte. Lisser délicatement le dessus avec une spatule en bois. Faire cire dans le four à 180°C, pendant 10 minutes, juste pour faire prendre la garniture. Poudrer avec le sucre vanillé à la sortie du four et servir tiède ou froid."
            ]
        }
    },
    {
        "titre": "Quiche(s) aux escargots persillés",
        "url": "https://www.cuisine-libre.org/quiches-aux-escargots-persilles",
        "url_image": "https://www.cuisine-libre.org/local/cache-gd2/c0/b5fd8f5e17d524aa5c2b6751d1991a.jpg?1682890425",
        "recette": {
            "Titre": "Quiche(s) aux escargots persillés",
            "Nombre_de_personnes": "4 personnes",
            "Duree_preparation": "15min",
            "Duree_cuisson": "15min",
            "Ingrediens": [
                "350g de pâte brisée (oufeuilletée)",
                "2 douzaines d’escargots deBourgogne (enboîte)",
                "20 cl de crème liquide",
                "2 œufs",
                "20 g d’échalote",
                "10 g d’ail",
                "1bouquet de persil",
                "1bouquet de cerfeuil",
                "1botte de ciboulette",
                "2branches d’estragon",
                "sel, poivre, muscade"
            ],
            "Etapes": [
                "Abaisser la pâte finement. Former des disques avec un emporte-pièce pour en chemiser vos mini moules à tartelettes. Piquer la pâte à l’aide d’une fourchette et placer les moules au frais.",
                "Égoutter les escargots.Préchauffer le four à 200°C.",
                "Peler l’échalote et la gousse d’ail. Passer les herbes sous l’eau et épongez-les. Hacher le tout finement.",
                "Couper les escargots en quatre. Les répartir dans les moules.",
                "Battre la crème et les œufs. Saler, poivrer, muscader. Ajouter le hachis d’herbes. Mélanger. Verser dans les moules.",
                "Enfourner dans le bas du four préchauffé, pendant 15 minutes environ.",
                "Démouler et servir aussitôt. Ou laisser refroidir sur grille avant de congeler (sans oublier de réchauffer au moment du service)."
            ]
        }
    },
    {
        "titre": "Far breton (farzforn)",
        "url": "https://www.cuisine-libre.org/far-breton-farz-forn",
        "url_image": "https://www.cuisine-libre.org/local/cache-gd2/59/2a7a0ea71cd3c10b708c95ea4829fd.jpg?1644797800",
        "recette": {
            "Titre": "Far breton (farz forn) par Ja6",
            "Nombre_de_personnes": "6 convives",
            "Duree_preparation": "",
            "Duree_cuisson": "Non_specifie",
            "Ingrediens": [
                "150 g de farine de froment - blé",
                "125 g de sucre en poudre",
                "3 œufs",
                "50 cl de lait"
            ],
            "Etapes": [
                "Placer les raisins secs à tremper dans le calvados ou dénoyauter les pruneaux et laisser tremper 1 h dans le thé tiède en remuant fréquemment.Égoutter et réserver.",
                "Travailler dans un saladier, casser les 3 œufs puis ajouter le sucre. Battre au fouet jusqu’à ce que le mélange blanchisse.",
                "Incorporer la farine et 1 pincée de sel en remuant au fouet.Ajouter 1/4 de la quantité de lait tiède (12,5 cl), en versant doucement en fouettant.Terminer en ajoutant le reste du lait et les raisins secs imbibés.",
                "Rouler dans la farine les raisins secs ou pruneaux avant de les incorporer – cela évite qu’ils ne tombent au fond du plat.",
                "Beurrer le moule à tarte ou un plat à four.",
                "Verser le mélange. Enfourner.",
                "CUISSON à four chaud, Th 7-220°C pendant 15 min puis baisser la température du four à Th 5-180°C, pendant encore 35 ou 45 min, jusqu’à ce que le dessus soit doré.",
                "Servir froid, à température ambiante, dans le plat de cuisson, car lefarest difficile à démouler.",
                ""
            ]
        }
    },
    {
        "titre": "Menemen, brouillade à la tomate et aux poivrons",
        "url": "https://www.cuisine-libre.org/menemen-omelette-turque-aux-poivrons",
        "url_image": "https://www.cuisine-libre.org/local/cache-gd2/7a/35dcfbfe6a25a0aa54ff4539907440.jpg?1648403017",
        "recette": {
            "Titre": "Menemen, brouillade à la tomate et aux poivrons par Tamago",
            "Nombre_de_personnes": "4 portions",
            "Duree_preparation": "15min",
            "Duree_cuisson": "25min",
            "Ingrediens": [
                "4 à 6 œufs",
                "4 grosses tomates mûres, pelées etconcassées",
                "1 c. à café de concentré de tomate (sivos tomates manquent degoût)",
                "1 poivron rouge Corno diToro (ou1gros poivron rouge)",
                "1 poivron long vert (ou1piment fort)",
                "1 oignon émincé (facultatif)",
                "huile d’olive (oubeurre)",
                "1 pincée de piment",
                "1 pincée de poivre noir moulu",
                "1 pincée de sel"
            ],
            "Etapes": [
                "Nettoyer, peler et émincer les légumes.Mixer ou râper les tomates pour obtenir une purée.",
                "Dans une poêle chaude, faire revenir l’oignon pendant 5 min dans l’huile. Ajouter le poivron et faire revenir 5 min également.",
                "Ajouter les tomates, assaisonner et mélanger. Laisser mijoter une dizaine de minutes à feu doux et à couvert, jusqu’à ce que le jus de tomate ait bien réduit et que les légumes soient bien cuits et tendres. Cette préparation peut se faire en avance.",
                "Au moment du repas, réchauffer et casser les œufs dans le plat. Vous pouvez les laisser au plat ou les mélanger au reste. Cuire quelques minutes.",
                "Servir chaud avec quelques tranches de pain et déguster le menemen sans attendre."
            ]
        }
    },
    {
        "titre": "Flan à la châtaigne",
        "url": "https://www.cuisine-libre.org/flan-a-la-chataigne",
        "url_image": "https://www.cuisine-libre.org/local/cache-gd2/64/81cc4702f553b56a7b6e3075e7dc67.jpg?1644800696",
        "recette": {
            "Titre": "Flan à la châtaigne par Cévennes Tourisme",
            "Nombre_de_personnes": "Non_specifie",
            "Duree_preparation": "",
            "Duree_cuisson": "Non_specifie",
            "Ingrediens": [
                "75 cl de lait",
                "5 œufs",
                "200 g de sucre en poudre",
                "360 g de confiture de Châtaigne (depréférence AOC des Cévennes)"
            ],
            "Etapes": [
                "Faire bouillir le lait.",
                "Battre les œufs entiers avec 75 g de sucre en poudre puis verser le lait chaud. Ajouter la confiture de châtaignes, bien mélanger.",
                "Faire un caramel avec 125 g de sucre et un peu d’eau, en napper un moule à cake.",
                "Verser la préparation dans le moule.",
                "Faire cuire 1 heure au bain-marie dans le four, thermostat 180°C. Laisser refroidir puis mettre au frais plusieurs heures.",
                "Démouler à froid et servir bien frais."
            ]
        }
    },
    {
        "titre": "Arboulastre ( omelette verte )",
        "url": "https://www.cuisine-libre.org/arboulastre-omelette-aromatique",
        "url_image": "https://www.cuisine-libre.org/local/cache-gd2/b3/bb0bb2df84822ea0d96aa64e9b25b9.jpg?1644794282",
        "recette": {
            "Titre": "Arboulastre (omelette verte) par Ménagier de Paris",
            "Nombre_de_personnes": "2 omelettes",
            "Duree_preparation": "",
            "Duree_cuisson": "Non_specifie",
            "Ingrediens": [
                "2 feuilles de menthe-coq (balsamite, tanecetum)",
                "1 feuille de rue (ruta graveolens - facultative)",
                "4 feuilles d’ache (céleri perpétuel)",
                "4 feuilles de tanaisie (tanacetum vulgare)",
                "4 feuilles de menthe",
                "4 feuilles de sauge",
                "5 feuilles de marjolaine",
                "6 brins de fenouil",
                "7 brins de persil",
                "2 poignées de verdures: poireaux, blettes, feuilles de violettes, épinards (ou plutôt chénopode Bon Henri), laitue ou autre salade verte et orvale (sauge sclarée)",
                "2 bourgeons degingembre",
                "16 œufs entiers battus",
                "bon fromage sec, râpé",
                "1 noix de beurre"
            ],
            "Etapes": [
                "Rincez vos herbes à l’eau froide puis égouttez-les bien avant de les ciseler finement.",
                "Broyez le gingembre au mortier en incorporant les herbes progressivement.",
                "Ajoutez les œufs battus et mélangez. Le mélange prend une belle couleur verte. Séparez en deux parts égales, pour cuire deux omelettes.",
                "Beurrez et chauffez votre poêle à feu vif. Lorsqu’elle est bien chaude, versez la première moitié d’œufs battus et tournez avec une spatule en bois. Lorsque l’omelette commence à prendre, saupoudrez la moitié du fromage sur le dessus et rabattre les bords sur le fromage pour qu’il n’attache pas à la poêle. Façonnez ainsi l’omelette ronde, carrée ou roulée, sans trop la cuire.",
                "Faites cuire de même l’autre moitié en omelette ou faites-enune quiche.",
                "Dégustez l’arboulastre chaud immédiatement ou froid."
            ]
        }
    },
    {
        "titre": "Flan decourgettes auxépices",
        "url": "https://www.cuisine-libre.org/flan-de-courgettes-aux-epices",
        "url_image": "https://www.cuisine-libre.org/local/cache-gd2/c0/24182408350eda8f64998fe2c35672.jpg?1644797775",
        "recette": {
            "Titre": "Flan de courgettes aux épices par AMAP Caudéran",
            "Nombre_de_personnes": "6 à 8 personnes",
            "Duree_preparation": "",
            "Duree_cuisson": "Non_specifie",
            "Ingrediens": [
                "5 courgettes vertes et jaunes",
                "5 pétales de tomates séchées",
                "8 olives noires",
                "2 c. à soupe d’huile de coco (oud’olive)",
                "1 oignon",
                "1 c. à café de curry",
                "½ c. à café de curcuma",
                "1 pointe d’épices «pizza etpasta» ou de piment d’Espelette",
                "sel",
                "5 œufs",
                "l’eau d’une boîte de lait de coco",
                "40 cl de crème de riz",
                "sel"
            ],
            "Etapes": [
                "Faites fondre à feu doux dans un peu d’huile d’olive ou de coco, l’oignon, les olives et les tomates, le tout coupé en petits morceaux.",
                "Ajoutez le curry, le curcuma puis les courgettes taillées en fines tranches. Salez puis laissez fondre, à feu doux, en remuant de temps en temps. Les courgettes doivent rester «al dente».",
                "Dans un saladier, battez à la fourchette les œufs, la crème, l’eau de coco et le sel. Versez la fondue de courgettes dans un plat à gratin et recouvrez avec la crème. Enfournez pour 35 min de cuisson à 180°C."
            ]
        }
    },
    {
        "titre": "Frittata aubrocoli",
        "url": "https://www.cuisine-libre.org/frittata-au-brocoli",
        "url_image": "https://www.cuisine-libre.org/local/cache-gd2/c0/c1fc7ade650c405e75f5df7cda9191.jpg?1674413863",
        "recette": {
            "Titre": "Frittata au brocoli",
            "Nombre_de_personnes": "4 personnes",
            "Duree_preparation": "20min",
            "Duree_cuisson": "20min",
            "Ingrediens": [
                "6 à 8 œufs",
                "750 g de fleurons debrocoli",
                "2 oignons hachés (facultatif)",
                "1 gousse d’ail",
                "200 g de parmesan ou pecorino râpé",
                "2 c. à soupe d’huile d’olive",
                "sel, poivre (augoût)"
            ],
            "Etapes": [
                "Dégustez bien chaud, en plat principal, accompagné d’une salade verte assaisonnée."
            ]
        }
    },
    {
        "titre": "Flan decourgettes",
        "url": "https://www.cuisine-libre.org/flan-de-courgettes",
        "url_image": "https://www.cuisine-libre.org/local/cache-gd2/5d/193904404d2c4035151fcb450f0e0d.jpg?1644794501",
        "recette": {
            "Titre": "Flan de courgettes par Cyril Marion",
            "Nombre_de_personnes": "4 personnes",
            "Duree_preparation": "20min",
            "Duree_cuisson": "45min",
            "Ingrediens": [
                "1 kg de courgettes",
                "3 œufs",
                "80 g de parmesan",
                "5 gousses d’ail",
                "3 cuillères à soupe de chapelure",
                "3 cuillères à soupe de basilic",
                "un peu de crème fraîche",
                "1 zeste de citron",
                "anchois",
                "sel, poivre"
            ],
            "Etapes": [
                "Faire revenir les courgettes épluchées et coupées en rondelles à la poêle dans de l’huile d’olive. Garder de coté une dizaine de jolies rondelles pas trop cuites.",
                "Mixer ensemble ail, persil, basilic, zeste de citron, puis ensuite le gros des courgettes. Ajouter œufs, chapelure, parmesan, crème fraiche, sel, poivre (piment éventuellement).",
                "Dans un moule à cake enduit d’huile d’olive, décorer le fond avec des anchois, des feuilles de basilic (éventuellement les jolies tranches de courgettes). Verser le mélange dans le moule en préservant la décoration du fond.Cuire à four moyen pendant 45 minutes."
            ]
        }
    },
    {
        "titre": "Quiche poireaux chorizo",
        "url": "https://www.cuisine-libre.org/quiche-poireaux-chorizo",
        "url_image": "https://www.cuisine-libre.org/local/cache-gd2/91/71d404ce3132b7b0bf6ad89d5dc5a9.jpg?1644797338",
        "recette": {
            "Titre": "Quiche poireaux chorizo par Isaure",
            "Nombre_de_personnes": "4",
            "Duree_preparation": "15min",
            "Duree_cuisson": "30min",
            "Ingrediens": [
                "2 petits poireaux",
                "1 morceau de brie",
                "10 à 12 mini tranches de chorizo",
                "25 à 40 cl de crème liquide",
                "sel, poivre, muscade",
                "1 pâte brisée",
                "1 œuf",
                "1 cuillère à café d’huile"
            ],
            "Etapes": [
                "Posez votre pâte brisée dans un plat à tarte et piquez-la à l’aide d’une fourchette.",
                "Dans un saladier, versez la crème liquide, ajoutez l’œuf entier, le sel, le poivre, la muscade, le morceau de brie en petits dès, et mélangez le tout.",
                "Dans une poêle, faites chauffer une cuillère à café d’huile, et mettez-y les poireaux coupés en petits bouts, ainsi que le chorizo haché finement. Laissez cuire environ 5 min.",
                "Déposez le chorizo et les poireaux sur le fond de tarte. Versez la préparation à la crème et brie par dessus.",
                "Mettez à cuire au four préchauffé (th 5) 30 min environ. La lame du couteau doit ressortir sèche.",
                "Servez chaud."
            ]
        }
    }
]